<?xml version="1.0" encoding="utf-8"?>
<!DOCTYPE hibernate-mapping PUBLIC 
    "-//Hibernate/Hibernate Mapping DTD 3.0//EN"
    "http://hibernate.sourceforge.net/hibernate-mapping-3.0.dtd">

<hibernate-mapping>
    <class name="com.java.jsf.model.MedicationHistory" table="MedicationHistory">
        <id name="medId" column="medId" type="string">
            <generator class="assigned"/>
        </id>

        <property name="medicines" column="medicines" type="string"/>
        
        <property name="tests" column="tests" type="string"/>

        <many-to-one name="patient" class="com.java.jsf.model.Patient" column="patientId" not-null="true"/>
    </class>
</hibernate-mapping>
