<?xml version="1.0" encoding="utf-8"?>
<!DOCTYPE hibernate-mapping PUBLIC 
    "-//Hibernate/Hibernate Mapping DTD 3.0//EN"
    "http://hibernate.sourceforge.net/hibernate-mapping-3.0.dtd">

<hibernate-mapping>
    <class name="com.java.jsf.model.Patient" table="Patient">
        <id name="patientId" column="patientId" type="string">
            <generator class="assigned"/>
        </id>

        <property name="patientName" column="patientName" type="string"/>
        
        <property name="dateOfBirth" column="dateOfBirth" type="date"/>

        <many-to-one name="doctor" class="com.java.jsf.model.Doctor" column="doctorId" not-null="true"/>
    </class>
</hibernate-mapping>
